"Path","SizeBytes","GitStatus","Action"
"BIOQURE_BACKEND-main/.gitignore","915","D","remove legacy research/application data"
"BIOQURE_BACKEND-main/0e1999e0-9c02-4804-88b6-60b46d100739/annotations.txt","324","D","remove legacy research/application data"
"BIOQURE_BACKEND-main/385ddd6f-c126-4c4f-acde-1ef2d74d3639/annotations.txt","509","D","remove legacy research/application data"
"BIOQURE_BACKEND-main/3e8cff80-ed17-479c-8327-ca8e71ee7482/annotations.txt","324","D","remove legacy research/application data"
"BIOQURE_BACKEND-main/84cff855-d17a-4c09-b432-53893ae69c1e/annotations.txt","257","D","remove legacy research/application data"
"BIOQURE_BACKEND-main/91060c43-f1e3-49ea-a3c9-96def417716b/annotations.txt","251","D","remove legacy research/application data"
"BIOQURE_BACKEND-main/9e056a2a-a643-478a-b96c-85d5221f487a/annotations.txt","324","D","remove legacy research/application data"
"BIOQURE_BACKEND-main/EXPRESSION_MATRIX/biomarker_selection_algorithm.py","13496","D","remove legacy research/application data"
"BIOQURE_BACKEND-main/EXPRESSION_MATRIX/merge_matrix.py","7018","D","remove legacy research/application data"
"BIOQURE_BACKEND-main/MANIFEST.txt","4517","D","remove legacy research/application data"
"BIOQURE_BACKEND-main/TRAINING_QUANTUM/prepare_quantum_data.py","9326","D","remove legacy research/application data"
"BIOQURE_BACKEND-main/TRAINING_QUANTUM/train_hybrid_models.py","13039","D","remove legacy research/application data"
"BIOQURE_BACKEND-main/backend/BIOQURE/__init__.py","1370","D","remove legacy research/application data"
"BIOQURE_BACKEND-main/backend/BIOQURE/config.py","9263","D","remove legacy research/application data"
"BIOQURE_BACKEND-main/backend/BIOQURE/dataset_repository.py","17248","D","remove legacy research/application data"
"BIOQURE_BACKEND-main/backend/BIOQURE/inference.py","22391","D","remove legacy research/application data"
"BIOQURE_BACKEND-main/backend/BIOQURE/models.py","4924","D","remove legacy research/application data"
"BIOQURE_BACKEND-main/backend/BIOQURE/populate_public_pool.py","21475","D","remove legacy research/application data"
"BIOQURE_BACKEND-main/backend/BIOQURE/preprocess.py","14362","D","remove legacy research/application data"
"BIOQURE_BACKEND-main/backend/BIOQURE/router.py","17256","D","remove legacy research/application data"
"BIOQURE_BACKEND-main/backend/MAIN_MODEL/DASHBOARD.py","10822","D","remove legacy research/application data"
"BIOQURE_BACKEND-main/backend/V1 Model/ALIGN_LABELS.py","1614","D","remove legacy research/application data"
"BIOQURE_BACKEND-main/backend/V1 Model/DEMO_PREDICTER.py","3066","D","remove legacy research/application data"
"BIOQURE_BACKEND-main/backend/V1 Model/FEATURE_EXTRACTOR.py","2141","D","remove legacy research/application data"
"BIOQURE_BACKEND-main/backend/V1 Model/TRAIN_AI_MODEL_V1.py","3820","D","remove legacy research/application data"
"BIOQURE_BACKEND-main/backend/V1 Model/genomic_sequence_module.py","1140","D","remove legacy research/application data"
"BIOQURE_BACKEND-main/backend/V1 Model/labels_mic.PY","3280","D","remove legacy research/application data"
"BIOQURE_BACKEND-main/backend/V1_Model_Output/PATRIC_genomes_AMR.txt","0","D","remove legacy research/application data"
"BIOQURE_BACKEND-main/backend/V1_Model_Output/antibiotic_strength_model.pkl","86156681","D","remove legacy research/application data"
"BIOQURE_BACKEND-main/backend/V1_Model_Output/bacterial_id_model.pkl","1747361","D","remove legacy research/application data"
"BIOQURE_BACKEND-main/backend/V1_Model_Output/label_encoder_id.pkl","695","D","remove legacy research/application data"
"BIOQURE_BACKEND-main/backend/V1_Model_Output/label_encoder_str.pkl","499","D","remove legacy research/application data"
"BIOQURE_BACKEND-main/backend/V1_Model_Output/v1_feature_columns.pkl","37094","D","remove legacy research/application data"
"BIOQURE_BACKEND-main/backend/V2_Model/V2_ANTIBIOTIC_MODEL.py","3978","D","remove legacy research/application data"
"BIOQURE_BACKEND-main/backend/V2_Model/V2_Demo.py","4088","D","remove legacy research/application data"
"BIOQURE_BACKEND-main/backend/V2_Model_Output/v2_feature_columns.pkl","38120","D","remove legacy research/application data"
"BIOQURE_BACKEND-main/backend/V3_CNN MODEL TRAINING/Generate_CNN_Dataset.py","2790","D","remove legacy research/application data"
"BIOQURE_BACKEND-main/backend/V3_CNN MODEL TRAINING/Train_V3_CNN_Model.py","1796","D","remove legacy research/application data"
"BIOQURE_BACKEND-main/backend/V3_CNN MODEL TRAINING/V3_demo.py","3266","D","remove legacy research/application data"
"BIOQURE_BACKEND-main/backend/V4_GENE_DETECTION/V4_GENE_DET_ENGINE.py","4372","D","remove legacy research/application data"
"BIOQURE_BACKEND-main/backend/analysis.py","24037","D","remove legacy research/application data"
"BIOQURE_BACKEND-main/backend/dataset_pools/__init__.py","270","D","remove legacy research/application data"
"BIOQURE_BACKEND-main/backend/dataset_pools/batch_jobs.py","4854","D","remove legacy research/application data"
"BIOQURE_BACKEND-main/backend/dataset_pools/config.py","816","D","remove legacy research/application data"
"BIOQURE_BACKEND-main/backend/dataset_pools/models.py","1493","D","remove legacy research/application data"
"BIOQURE_BACKEND-main/backend/dataset_pools/repository.py","8209","D","remove legacy research/application data"
"BIOQURE_BACKEND-main/backend/dataset_pools/router.py","12187","D","remove legacy research/application data"
"BIOQURE_BACKEND-main/backend/dataset_pools/validation.py","1312","D","remove legacy research/application data"
"BIOQURE_BACKEND-main/backend/download_models.sh","3691","D","remove legacy research/application data"
"BIOQURE_BACKEND-main/backend/entrypoint.sh","510","D","remove legacy research/application data"
"BIOQURE_BACKEND-main/backend/env.example","1942","D","remove legacy research/application data"
"BIOQURE_BACKEND-main/backend/genezap_settings.py","3601","D","remove legacy research/application data"
"BIOQURE_BACKEND-main/backend/integrated_pipeline_real.py","11801","D","remove legacy research/application data"
"BIOQURE_BACKEND-main/backend/labels_mic.py","2197","D","remove legacy research/application data"
"BIOQURE_BACKEND-main/backend/main.py","2657","D","remove legacy research/application data"
"BIOQURE_BACKEND-main/backend/middleware/__init__.py","39","D","remove legacy research/application data"
"BIOQURE_BACKEND-main/backend/middleware/max_body.py","1225","D","remove legacy research/application data"
"BIOQURE_BACKEND-main/backend/quad_engine_inference.py","35993","D","remove legacy research/application data"
"BIOQURE_BACKEND-main/backend/requirements.txt","98","D","remove legacy research/application data"
"BIOQURE_BACKEND-main/backend/v2_pharmacology_table.py","7916","D","remove legacy research/application data"
"BIOQURE_BACKEND-main/e12f17ae-dc1f-4e91-93bd-b827ad276dde/annotations.txt","251","D","remove legacy research/application data"
"BIOQURE_BACKEND-main/metadata extraction/metadata_extraction.py","8155","D","remove legacy research/application data"
"CV_HACKATHON_MODEL_DATASET/.gitignore","953","D","remove legacy research/application data"
"CV_HACKATHON_MODEL_DATASET/GENEZAP_MODEL_AUDIT_AND_TRAINING_GUIDE.md","3565","D","remove legacy research/application data"
"CV_HACKATHON_MODEL_DATASET/INTEGRATED_AMR_PIPELINE.py","2827","D","remove legacy research/application data"
"CV_HACKATHON_MODEL_DATASET/INTEGRATED_AMR_PIPELINE_REAL.py","6820","D","remove legacy research/application data"
"CV_HACKATHON_MODEL_DATASET/MAIN_MODEL/CARD_DB.fasta","6279004","D","remove legacy research/application data"
"CV_HACKATHON_MODEL_DATASET/MAIN_MODEL/DASHBOARD.py","11143","D","remove legacy research/application data"
"CV_HACKATHON_MODEL_DATASET/MAIN_MODEL/cgr_display.png","166054","D","remove legacy research/application data"
"CV_HACKATHON_MODEL_DATASET/README_MODEL_FIXES.md","1732","D","remove legacy research/application data"
"CV_HACKATHON_MODEL_DATASET/V1 Model/ALIGN_LABELS.py","1614","D","remove legacy research/application data"
"CV_HACKATHON_MODEL_DATASET/V1 Model/DEMO_PREDICTER.py","3066","D","remove legacy research/application data"
"CV_HACKATHON_MODEL_DATASET/V1 Model/FEATURE_EXTRACTOR.py","2141","D","remove legacy research/application data"
"CV_HACKATHON_MODEL_DATASET/V1 Model/TRAIN_AI_MODEL_V1.py","3820","D","remove legacy research/application data"
"CV_HACKATHON_MODEL_DATASET/V1 Model/genomic_sequence_module.py","1140","D","remove legacy research/application data"
"CV_HACKATHON_MODEL_DATASET/V1 Model/labels_mic.PY","3280","D","remove legacy research/application data"
"CV_HACKATHON_MODEL_DATASET/V2_Model/V2_ANTIBIOTIC_MODEL.py","3910","D","remove legacy research/application data"
"CV_HACKATHON_MODEL_DATASET/V2_Model/V2_Automated_MultiAntibiotic_Test.py","4336","D","remove legacy research/application data"
"CV_HACKATHON_MODEL_DATASET/V2_Model/V2_Demo.py","4088","D","remove legacy research/application data"
"CV_HACKATHON_MODEL_DATASET/V3_CNN MODEL TRAINING/.gitignore","254","D","remove legacy research/application data"
"CV_HACKATHON_MODEL_DATASET/V3_CNN MODEL TRAINING/Generate_CNN_Dataset.py","2884","D","remove legacy research/application data"
"CV_HACKATHON_MODEL_DATASET/V3_CNN MODEL TRAINING/Train_V3_CNN_Model.py","2223","D","remove legacy research/application data"
"CV_HACKATHON_MODEL_DATASET/V3_CNN MODEL TRAINING/V3_Automated_Batch_Test.py","3775","D","remove legacy research/application data"
"CV_HACKATHON_MODEL_DATASET/V3_CNN MODEL TRAINING/V3_demo.py","2726","D","remove legacy research/application data"
"CV_HACKATHON_MODEL_DATASET/V3_CNN MODEL TRAINING/_UTILS/cgr_utils.py","3738","D","remove legacy research/application data"
"CV_HACKATHON_MODEL_DATASET/V3_CNN MODEL TRAINING/tmpbleu3m5o.png","33","D","remove legacy research/application data"
"CV_HACKATHON_MODEL_DATASET/V4_GENE_DETECTION/V4_GENE_DET.py","5284","D","remove legacy research/application data"
"DEEP_DEPENDENCY_ANALYSIS.md","16505","D","remove stale documentation/setup"
"DEPLOYMENT_CHEATSHEET.txt","1622","D","remove stale documentation/setup"
"MODEL_AUTO_DOWNLOAD_SETUP.md","6470","D","remove stale documentation/setup"
"PRODUCTION_READY.md","6428","D","remove stale documentation/setup"
"PROJECT_COMPLETE_OVERVIEW.md","16898","D","remove stale documentation/setup"
"QUICKSTART.txt","502","D","remove stale documentation/setup"
"backend/bioqure/__init__.py","354","D","remove obsolete artifact"
"backend/bioqure/config.py","4434","D","remove obsolete artifact"
"backend/bioqure/dataset_repository.py","17227","D","remove obsolete artifact"
"backend/bioqure/inference.py","22391","D","remove obsolete artifact"
"backend/bioqure/models.py","4924","D","remove obsolete artifact"
"backend/bioqure/preprocessing.py","14362","D","remove obsolete artifact"
"backend/bioqure/router.py","17256","D","remove obsolete artifact"
"backend/main.py","1567","D","remove obsolete artifact"
"bacterial_dna.zip","2984982","D","remove obsolete artifact"
"data/datasets/.gitkeep","0","D","remove legacy research/application data"
"data/datasets/pools/default-public-pool/files/genome_001.fna","132","D","remove legacy research/application data"
"data/datasets/pools/default-public-pool/files/genome_002.fna","132","D","remove legacy research/application data"
"data/datasets/pools/default-public-pool/files/genome_003.fna","132","D","remove legacy research/application data"
"data/datasets/pools/default-public-pool/files/genome_004.fna","132","D","remove legacy research/application data"
"data/datasets/pools/default-public-pool/files/genome_005.fna","132","D","remove legacy research/application data"
"data/datasets/pools/default-public-pool/files/genome_006.fna","132","D","remove legacy research/application data"
"data/datasets/pools/default-public-pool/files/genome_007.fna","132","D","remove legacy research/application data"
"data/datasets/pools/default-public-pool/files/genome_008.fna","132","D","remove legacy research/application data"
"data/datasets/pools/default-public-pool/files/genome_009.fna","132","D","remove legacy research/application data"
"data/datasets/pools/default-public-pool/files/genome_010.fna","132","D","remove legacy research/application data"
"data/datasets/pools/default-public-pool/files/genome_011.fna","132","D","remove legacy research/application data"
"data/datasets/pools/default-public-pool/files/genome_012.fna","132","D","remove legacy research/application data"
"data/datasets/pools/default-public-pool/files/genome_013.fna","132","D","remove legacy research/application data"
"data/datasets/pools/default-public-pool/files/genome_014.fna","132","D","remove legacy research/application data"
"data/datasets/pools/default-public-pool/files/genome_015.fna","132","D","remove legacy research/application data"
"data/datasets/pools/default-public-pool/files/genome_016.fna","132","D","remove legacy research/application data"
"data/datasets/pools/default-public-pool/files/genome_017.fna","132","D","remove legacy research/application data"
"data/datasets/pools/default-public-pool/files/genome_018.fna","132","D","remove legacy research/application data"
"data/datasets/pools/default-public-pool/files/genome_019.fna","132","D","remove legacy research/application data"
"data/datasets/pools/default-public-pool/files/genome_020.fna","132","D","remove legacy research/application data"
"data/datasets/pools/default-public-pool/files/genome_021.fna","132","D","remove legacy research/application data"
"data/datasets/pools/default-public-pool/files/genome_022.fna","132","D","remove legacy research/application data"
"data/datasets/pools/default-public-pool/files/genome_023.fna","132","D","remove legacy research/application data"
"data/datasets/pools/default-public-pool/files/genome_024.fna","132","D","remove legacy research/application data"
"data/datasets/pools/default-public-pool/files/genome_025.fna","132","D","remove legacy research/application data"
"data/datasets/pools/default-public-pool/files/genome_026.fna","132","D","remove legacy research/application data"
"data/datasets/pools/default-public-pool/files/genome_027.fna","132","D","remove legacy research/application data"
"data/datasets/pools/default-public-pool/files/genome_028.fna","132","D","remove legacy research/application data"
"data/datasets/pools/default-public-pool/files/genome_029.fna","132","D","remove legacy research/application data"
"data/datasets/pools/default-public-pool/files/genome_030.fna","132","D","remove legacy research/application data"
"data/datasets/pools/default-public-pool/files/genome_031.fna","132","D","remove legacy research/application data"
"data/datasets/pools/default-public-pool/files/genome_032.fna","132","D","remove legacy research/application data"
"data/datasets/pools/default-public-pool/files/genome_033.fna","132","D","remove legacy research/application data"
"data/datasets/pools/default-public-pool/files/genome_034.fna","132","D","remove legacy research/application data"
"data/datasets/pools/default-public-pool/files/genome_035.fna","132","D","remove legacy research/application data"
"data/datasets/pools/default-public-pool/files/genome_036.fna","132","D","remove legacy research/application data"
"data/datasets/pools/default-public-pool/files/genome_037.fna","132","D","remove legacy research/application data"
"data/datasets/pools/default-public-pool/files/genome_038.fna","132","D","remove legacy research/application data"
"data/datasets/pools/default-public-pool/files/genome_039.fna","132","D","remove legacy research/application data"
"data/datasets/pools/default-public-pool/files/genome_040.fna","132","D","remove legacy research/application data"
"data/datasets/pools/default-public-pool/files/genome_041.fna","132","D","remove legacy research/application data"
"data/datasets/pools/default-public-pool/files/genome_042.fna","132","D","remove legacy research/application data"
"data/datasets/pools/default-public-pool/files/genome_043.fna","132","D","remove legacy research/application data"
"data/datasets/pools/default-public-pool/files/genome_044.fna","132","D","remove legacy research/application data"
"data/datasets/pools/default-public-pool/files/genome_045.fna","132","D","remove legacy research/application data"
"data/datasets/pools/default-public-pool/files/genome_046.fna","132","D","remove legacy research/application data"
"data/datasets/pools/default-public-pool/files/genome_047.fna","132","D","remove legacy research/application data"
"data/datasets/pools/default-public-pool/files/genome_048.fna","132","D","remove legacy research/application data"
"data/datasets/pools/default-public-pool/files/genome_049.fna","132","D","remove legacy research/application data"
"data/datasets/pools/default-public-pool/files/genome_050.fna","132","D","remove legacy research/application data"
"data/datasets/pools/default-public-pool/files/genome_051.fna","132","D","remove legacy research/application data"
"data/datasets/pools/default-public-pool/files/genome_052.fna","132","D","remove legacy research/application data"
"data/datasets/pools/default-public-pool/files/genome_053.fna","132","D","remove legacy research/application data"
"data/datasets/pools/default-public-pool/files/genome_054.fna","132","D","remove legacy research/application data"
"data/datasets/pools/default-public-pool/files/genome_055.fna","132","D","remove legacy research/application data"
"data/datasets/pools/default-public-pool/files/genome_056.fna","132","D","remove legacy research/application data"
"data/datasets/pools/default-public-pool/files/genome_057.fna","132","D","remove legacy research/application data"
"data/datasets/pools/default-public-pool/files/genome_058.fna","132","D","remove legacy research/application data"
"data/datasets/pools/default-public-pool/files/genome_059.fna","132","D","remove legacy research/application data"
"data/datasets/pools/default-public-pool/files/genome_060.fna","132","D","remove legacy research/application data"
"data/datasets/pools/default-public-pool/files/genome_061.fna","132","D","remove legacy research/application data"
"data/datasets/pools/default-public-pool/files/genome_062.fna","132","D","remove legacy research/application data"
"data/datasets/pools/default-public-pool/files/genome_063.fna","132","D","remove legacy research/application data"
"data/datasets/pools/default-public-pool/files/genome_064.fna","132","D","remove legacy research/application data"
"data/datasets/pools/default-public-pool/files/genome_065.fna","132","D","remove legacy research/application data"
"data/datasets/pools/default-public-pool/files/genome_066.fna","132","D","remove legacy research/application data"
"data/datasets/pools/default-public-pool/files/genome_067.fna","132","D","remove legacy research/application data"
"data/datasets/pools/default-public-pool/files/genome_068.fna","132","D","remove legacy research/application data"
"data/datasets/pools/default-public-pool/files/genome_069.fna","132","D","remove legacy research/application data"
"data/datasets/pools/default-public-pool/files/genome_070.fna","132","D","remove legacy research/application data"
"data/datasets/pools/default-public-pool/files/genome_071.fna","132","D","remove legacy research/application data"
"data/datasets/pools/default-public-pool/files/genome_072.fna","132","D","remove legacy research/application data"
"data/datasets/pools/default-public-pool/files/genome_073.fna","132","D","remove legacy research/application data"
"data/datasets/pools/default-public-pool/files/genome_074.fna","132","D","remove legacy research/application data"
"data/datasets/pools/default-public-pool/files/genome_075.fna","132","D","remove legacy research/application data"
"data/datasets/pools/default-public-pool/files/genome_076.fna","132","D","remove legacy research/application data"
"data/datasets/pools/default-public-pool/files/genome_077.fna","132","D","remove legacy research/application data"
"data/datasets/pools/default-public-pool/files/genome_078.fna","132","D","remove legacy research/application data"
"data/datasets/pools/default-public-pool/files/genome_079.fna","132","D","remove legacy research/application data"
"data/datasets/pools/default-public-pool/files/genome_080.fna","132","D","remove legacy research/application data"
"data/datasets/pools/default-public-pool/files/genome_081.fna","132","D","remove legacy research/application data"
"data/datasets/pools/default-public-pool/files/genome_082.fna","132","D","remove legacy research/application data"
"data/datasets/pools/default-public-pool/files/genome_083.fna","132","D","remove legacy research/application data"
"data/datasets/pools/default-public-pool/files/genome_084.fna","132","D","remove legacy research/application data"
"data/datasets/pools/default-public-pool/files/genome_085.fna","132","D","remove legacy research/application data"
"data/datasets/pools/default-public-pool/files/genome_086.fna","132","D","remove legacy research/application data"
"data/datasets/pools/default-public-pool/files/genome_087.fna","132","D","remove legacy research/application data"
"data/datasets/pools/default-public-pool/files/genome_088.fna","132","D","remove legacy research/application data"
"data/datasets/pools/default-public-pool/files/genome_089.fna","132","D","remove legacy research/application data"
"data/datasets/pools/default-public-pool/files/genome_090.fna","132","D","remove legacy research/application data"
"data/datasets/pools/default-public-pool/files/genome_091.fna","132","D","remove legacy research/application data"
"data/datasets/pools/default-public-pool/files/genome_092.fna","132","D","remove legacy research/application data"
"data/datasets/pools/default-public-pool/files/genome_093.fna","132","D","remove legacy research/application data"
"data/datasets/pools/default-public-pool/files/genome_094.fna","132","D","remove legacy research/application data"
"data/datasets/pools/default-public-pool/files/genome_095.fna","132","D","remove legacy research/application data"
"data/datasets/pools/default-public-pool/files/genome_096.fna","132","D","remove legacy research/application data"
"data/datasets/pools/default-public-pool/files/genome_097.fna","132","D","remove legacy research/application data"
"data/datasets/pools/default-public-pool/files/genome_098.fna","132","D","remove legacy research/application data"
"data/datasets/pools/default-public-pool/files/genome_099.fna","132","D","remove legacy research/application data"
"data/datasets/pools/default-public-pool/files/genome_100.fna","132","D","remove legacy research/application data"
"data/datasets/pools/default-public-pool/files/genome_101.fna","132","D","remove legacy research/application data"
"data/datasets/pools/default-public-pool/files/genome_102.fna","132","D","remove legacy research/application data"
"data/datasets/pools/default-public-pool/files/genome_103.fna","132","D","remove legacy research/application data"
"data/datasets/pools/default-public-pool/files/genome_104.fna","132","D","remove legacy research/application data"
"data/datasets/pools/default-public-pool/files/genome_105.fna","132","D","remove legacy research/application data"
"data/datasets/pools/default-public-pool/files/genome_106.fna","132","D","remove legacy research/application data"
"data/datasets/pools/default-public-pool/files/genome_107.fna","132","D","remove legacy research/application data"
"data/datasets/pools/default-public-pool/files/genome_108.fna","132","D","remove legacy research/application data"
"data/datasets/pools/default-public-pool/files/genome_109.fna","132","D","remove legacy research/application data"
"data/datasets/pools/default-public-pool/files/genome_110.fna","132","D","remove legacy research/application data"
"data/datasets/pools/default-public-pool/files/genome_111.fna","132","D","remove legacy research/application data"
"data/datasets/pools/default-public-pool/files/genome_112.fna","132","D","remove legacy research/application data"
"data/datasets/pools/default-public-pool/files/genome_113.fna","132","D","remove legacy research/application data"
"data/datasets/pools/default-public-pool/files/genome_114.fna","132","D","remove legacy research/application data"
"data/datasets/pools/default-public-pool/files/genome_115.fna","132","D","remove legacy research/application data"
"data/datasets/pools/default-public-pool/files/genome_116.fna","132","D","remove legacy research/application data"
"data/datasets/pools/default-public-pool/files/genome_117.fna","132","D","remove legacy research/application data"
"data/datasets/pools/default-public-pool/files/genome_118.fna","132","D","remove legacy research/application data"
"data/datasets/pools/default-public-pool/files/genome_119.fna","132","D","remove legacy research/application data"
"data/datasets/pools/default-public-pool/files/genome_120.fna","132","D","remove legacy research/application data"
"data/datasets/pools/default-public-pool/files/genome_121.fna","132","D","remove legacy research/application data"
"data/datasets/pools/default-public-pool/files/genome_122.fna","132","D","remove legacy research/application data"
"data/datasets/pools/default-public-pool/files/genome_123.fna","132","D","remove legacy research/application data"
"data/datasets/pools/default-public-pool/files/genome_124.fna","132","D","remove legacy research/application data"
"data/datasets/pools/default-public-pool/files/genome_125.fna","132","D","remove legacy research/application data"
"data/datasets/pools/default-public-pool/files/genome_126.fna","132","D","remove legacy research/application data"
"data/datasets/pools/default-public-pool/files/genome_127.fna","132","D","remove legacy research/application data"
"data/datasets/pools/default-public-pool/files/genome_128.fna","132","D","remove legacy research/application data"
"data/datasets/pools/default-public-pool/files/genome_129.fna","132","D","remove legacy research/application data"
"data/datasets/pools/default-public-pool/files/genome_130.fna","132","D","remove legacy research/application data"
"data/datasets/pools/default-public-pool/files/genome_131.fna","132","D","remove legacy research/application data"
"data/datasets/pools/default-public-pool/files/genome_132.fna","132","D","remove legacy research/application data"
"data/datasets/pools/default-public-pool/files/genome_133.fna","132","D","remove legacy research/application data"
"data/datasets/pools/default-public-pool/files/genome_134.fna","132","D","remove legacy research/application data"
"data/datasets/pools/default-public-pool/files/genome_135.fna","132","D","remove legacy research/application data"
"data/datasets/pools/default-public-pool/files/genome_136.fna","132","D","remove legacy research/application data"
"data/datasets/pools/default-public-pool/files/genome_137.fna","132","D","remove legacy research/application data"
"data/datasets/pools/default-public-pool/files/genome_138.fna","132","D","remove legacy research/application data"
"data/datasets/pools/default-public-pool/files/genome_139.fna","132","D","remove legacy research/application data"
"data/datasets/pools/default-public-pool/files/genome_140.fna","132","D","remove legacy research/application data"
"data/datasets/pools/default-public-pool/files/genome_141.fna","132","D","remove legacy research/application data"
"data/datasets/pools/default-public-pool/files/genome_142.fna","132","D","remove legacy research/application data"
"data/datasets/pools/default-public-pool/files/genome_143.fna","132","D","remove legacy research/application data"
"data/datasets/pools/default-public-pool/files/genome_144.fna","132","D","remove legacy research/application data"
"data/datasets/pools/default-public-pool/files/genome_145.fna","132","D","remove legacy research/application data"
"data/datasets/pools/default-public-pool/files/genome_146.fna","132","D","remove legacy research/application data"
"data/datasets/pools/default-public-pool/files/genome_147.fna","132","D","remove legacy research/application data"
"data/datasets/pools/default-public-pool/files/genome_148.fna","132","D","remove legacy research/application data"
"data/datasets/pools/default-public-pool/files/genome_149.fna","132","D","remove legacy research/application data"
"data/datasets/pools/default-public-pool/files/genome_150.fna","132","D","remove legacy research/application data"
"data/datasets/pools/default-public-pool/files/genome_151.fna","132","D","remove legacy research/application data"
"data/datasets/pools/default-public-pool/files/genome_152.fna","132","D","remove legacy research/application data"
"data/datasets/pools/default-public-pool/files/genome_153.fna","132","D","remove legacy research/application data"
"data/datasets/pools/default-public-pool/files/genome_154.fna","132","D","remove legacy research/application data"
"data/datasets/pools/default-public-pool/files/genome_155.fna","132","D","remove legacy research/application data"
"data/datasets/pools/default-public-pool/files/genome_156.fna","132","D","remove legacy research/application data"
"data/datasets/pools/default-public-pool/files/genome_157.fna","132","D","remove legacy research/application data"
"data/datasets/pools/default-public-pool/files/genome_158.fna","132","D","remove legacy research/application data"
"data/datasets/pools/default-public-pool/files/genome_159.fna","132","D","remove legacy research/application data"
"data/datasets/pools/default-public-pool/files/genome_160.fna","132","D","remove legacy research/application data"
"data/datasets/pools/default-public-pool/files/genome_161.fna","132","D","remove legacy research/application data"
"data/datasets/pools/default-public-pool/files/genome_162.fna","132","D","remove legacy research/application data"
"data/datasets/pools/default-public-pool/files/genome_163.fna","132","D","remove legacy research/application data"
"data/datasets/pools/default-public-pool/files/genome_164.fna","132","D","remove legacy research/application data"
"data/datasets/pools/default-public-pool/files/genome_165.fna","132","D","remove legacy research/application data"
"data/datasets/pools/default-public-pool/files/genome_166.fna","132","D","remove legacy research/application data"
"data/datasets/pools/default-public-pool/files/genome_167.fna","132","D","remove legacy research/application data"
"data/datasets/pools/default-public-pool/files/genome_168.fna","132","D","remove legacy research/application data"
"data/datasets/pools/default-public-pool/files/genome_169.fna","132","D","remove legacy research/application data"
"data/datasets/pools/default-public-pool/files/genome_170.fna","132","D","remove legacy research/application data"
"data/datasets/pools/default-public-pool/files/genome_171.fna","132","D","remove legacy research/application data"
"data/datasets/pools/default-public-pool/files/genome_172.fna","132","D","remove legacy research/application data"
"data/datasets/pools/default-public-pool/files/genome_173.fna","132","D","remove legacy research/application data"
"data/datasets/pools/default-public-pool/files/genome_174.fna","132","D","remove legacy research/application data"
"data/datasets/pools/default-public-pool/files/genome_175.fna","132","D","remove legacy research/application data"
"data/datasets/pools/default-public-pool/files/genome_176.fna","132","D","remove legacy research/application data"
"data/datasets/pools/default-public-pool/files/genome_177.fna","132","D","remove legacy research/application data"
"data/datasets/pools/default-public-pool/files/genome_178.fna","132","D","remove legacy research/application data"
"data/datasets/pools/default-public-pool/files/genome_179.fna","132","D","remove legacy research/application data"
"data/datasets/pools/default-public-pool/files/genome_180.fna","132","D","remove legacy research/application data"
"data/datasets/pools/default-public-pool/files/genome_181.fna","132","D","remove legacy research/application data"
"data/datasets/pools/default-public-pool/files/genome_182.fna","132","D","remove legacy research/application data"
"data/datasets/pools/default-public-pool/files/genome_183.fna","132","D","remove legacy research/application data"
"data/datasets/pools/default-public-pool/files/genome_184.fna","132","D","remove legacy research/application data"
"data/datasets/pools/default-public-pool/files/genome_185.fna","132","D","remove legacy research/application data"
"data/datasets/pools/default-public-pool/files/genome_186.fna","132","D","remove legacy research/application data"
"data/datasets/pools/default-public-pool/files/genome_187.fna","132","D","remove legacy research/application data"
"data/datasets/pools/default-public-pool/files/genome_188.fna","132","D","remove legacy research/application data"
"data/datasets/pools/default-public-pool/files/genome_189.fna","132","D","remove legacy research/application data"
"data/datasets/pools/default-public-pool/files/genome_190.fna","132","D","remove legacy research/application data"
"data/datasets/pools/default-public-pool/files/genome_191.fna","132","D","remove legacy research/application data"
"data/datasets/pools/default-public-pool/files/genome_192.fna","132","D","remove legacy research/application data"
"data/datasets/pools/default-public-pool/files/genome_193.fna","132","D","remove legacy research/application data"
"data/datasets/pools/default-public-pool/files/genome_194.fna","132","D","remove legacy research/application data"
"data/datasets/pools/default-public-pool/files/genome_195.fna","132","D","remove legacy research/application data"
"data/datasets/pools/default-public-pool/files/genome_196.fna","132","D","remove legacy research/application data"
"data/datasets/pools/default-public-pool/files/genome_197.fna","132","D","remove legacy research/application data"
"data/datasets/pools/default-public-pool/files/genome_198.fna","132","D","remove legacy research/application data"
"data/datasets/pools/default-public-pool/files/genome_199.fna","132","D","remove legacy research/application data"
"data/datasets/pools/default-public-pool/files/genome_200.fna","132","D","remove legacy research/application data"
"data/datasets/pools/default-public-pool/files/genome_201.fna","132","D","remove legacy research/application data"
"data/datasets/pools/default-public-pool/files/genome_202.fna","132","D","remove legacy research/application data"
"data/datasets/pools/default-public-pool/files/genome_203.fna","132","D","remove legacy research/application data"
"data/datasets/pools/default-public-pool/files/genome_204.fna","132","D","remove legacy research/application data"
"data/datasets/pools/default-public-pool/files/genome_205.fna","132","D","remove legacy research/application data"
"data/datasets/pools/default-public-pool/files/genome_206.fna","132","D","remove legacy research/application data"
"data/datasets/pools/default-public-pool/files/genome_207.fna","132","D","remove legacy research/application data"
"data/datasets/pools/default-public-pool/files/genome_208.fna","132","D","remove legacy research/application data"
"data/datasets/pools/default-public-pool/files/genome_209.fna","132","D","remove legacy research/application data"
"data/datasets/pools/default-public-pool/files/genome_210.fna","132","D","remove legacy research/application data"
"data/datasets/pools/default-public-pool/files/genome_211.fna","132","D","remove legacy research/application data"
"data/datasets/pools/default-public-pool/files/genome_212.fna","132","D","remove legacy research/application data"
"data/datasets/pools/default-public-pool/files/genome_213.fna","132","D","remove legacy research/application data"
"data/datasets/pools/default-public-pool/files/genome_214.fna","132","D","remove legacy research/application data"
"data/datasets/pools/default-public-pool/files/genome_215.fna","132","D","remove legacy research/application data"
"data/datasets/pools/default-public-pool/files/genome_216.fna","132","D","remove legacy research/application data"
"data/datasets/pools/default-public-pool/files/genome_217.fna","132","D","remove legacy research/application data"
"data/datasets/pools/default-public-pool/files/genome_218.fna","132","D","remove legacy research/application data"
"data/datasets/pools/default-public-pool/files/genome_219.fna","132","D","remove legacy research/application data"
"data/datasets/pools/default-public-pool/files/genome_220.fna","132","D","remove legacy research/application data"
"data/datasets/pools/default-public-pool/files/genome_221.fna","132","D","remove legacy research/application data"
"data/datasets/pools/default-public-pool/files/genome_222.fna","132","D","remove legacy research/application data"
"data/datasets/pools/default-public-pool/files/genome_223.fna","132","D","remove legacy research/application data"
"data/datasets/pools/default-public-pool/files/genome_224.fna","132","D","remove legacy research/application data"
"data/datasets/pools/default-public-pool/files/genome_225.fna","132","D","remove legacy research/application data"
"data/datasets/pools/default-public-pool/files/genome_226.fna","132","D","remove legacy research/application data"
"data/datasets/pools/default-public-pool/files/genome_227.fna","132","D","remove legacy research/application data"
"data/datasets/pools/default-public-pool/files/genome_228.fna","132","D","remove legacy research/application data"
"data/datasets/pools/default-public-pool/files/genome_229.fna","132","D","remove legacy research/application data"
"data/datasets/pools/default-public-pool/files/genome_230.fna","132","D","remove legacy research/application data"
"data/datasets/pools/default-public-pool/files/genome_231.fna","132","D","remove legacy research/application data"
"data/datasets/pools/default-public-pool/files/genome_232.fna","132","D","remove legacy research/application data"
"data/datasets/pools/default-public-pool/files/genome_233.fna","132","D","remove legacy research/application data"
"data/datasets/pools/default-public-pool/files/genome_234.fna","132","D","remove legacy research/application data"
"data/datasets/pools/default-public-pool/files/genome_235.fna","132","D","remove legacy research/application data"
"data/datasets/pools/default-public-pool/files/genome_236.fna","132","D","remove legacy research/application data"
"data/datasets/pools/default-public-pool/files/genome_237.fna","132","D","remove legacy research/application data"
"data/datasets/pools/default-public-pool/files/genome_238.fna","132","D","remove legacy research/application data"
"data/datasets/pools/default-public-pool/files/genome_239.fna","132","D","remove legacy research/application data"
"data/datasets/pools/default-public-pool/files/genome_240.fna","132","D","remove legacy research/application data"
"data/datasets/pools/default-public-pool/files/genome_241.fna","132","D","remove legacy research/application data"
"data/datasets/pools/default-public-pool/files/genome_242.fna","132","D","remove legacy research/application data"
"data/datasets/pools/default-public-pool/files/genome_243.fna","132","D","remove legacy research/application data"
"data/datasets/pools/default-public-pool/files/genome_244.fna","132","D","remove legacy research/application data"
"data/datasets/pools/default-public-pool/files/genome_245.fna","132","D","remove legacy research/application data"
"data/datasets/pools/default-public-pool/files/genome_246.fna","132","D","remove legacy research/application data"
"data/datasets/pools/default-public-pool/files/genome_247.fna","132","D","remove legacy research/application data"
"data/datasets/pools/default-public-pool/files/genome_248.fna","132","D","remove legacy research/application data"
"data/datasets/pools/default-public-pool/files/genome_249.fna","132","D","remove legacy research/application data"
"data/datasets/pools/default-public-pool/files/genome_250.fna","132","D","remove legacy research/application data"
"data/datasets/pools/default-public-pool/files/genome_251.fna","132","D","remove legacy research/application data"
"data/datasets/pools/default-public-pool/files/genome_252.fna","132","D","remove legacy research/application data"
"data/datasets/pools/default-public-pool/files/genome_253.fna","132","D","remove legacy research/application data"
"data/datasets/pools/default-public-pool/files/genome_254.fna","132","D","remove legacy research/application data"
"data/datasets/pools/default-public-pool/files/genome_255.fna","132","D","remove legacy research/application data"
"data/datasets/pools/default-public-pool/files/genome_256.fna","132","D","remove legacy research/application data"
"data/datasets/pools/default-public-pool/files/genome_257.fna","132","D","remove legacy research/application data"
"data/datasets/pools/default-public-pool/files/genome_258.fna","132","D","remove legacy research/application data"
"data/datasets/pools/default-public-pool/files/genome_259.fna","132","D","remove legacy research/application data"
"data/datasets/pools/default-public-pool/files/genome_260.fna","132","D","remove legacy research/application data"
"data/datasets/pools/default-public-pool/files/genome_261.fna","132","D","remove legacy research/application data"
"data/datasets/pools/default-public-pool/files/genome_262.fna","132","D","remove legacy research/application data"
"data/datasets/pools/default-public-pool/files/genome_263.fna","132","D","remove legacy research/application data"
"data/datasets/pools/default-public-pool/files/genome_264.fna","132","D","remove legacy research/application data"
"data/datasets/pools/default-public-pool/files/genome_265.fna","132","D","remove legacy research/application data"
"data/datasets/pools/default-public-pool/files/genome_266.fna","132","D","remove legacy research/application data"
"data/datasets/pools/default-public-pool/files/genome_267.fna","132","D","remove legacy research/application data"
"data/datasets/pools/default-public-pool/files/genome_268.fna","132","D","remove legacy research/application data"
"data/datasets/pools/default-public-pool/files/genome_269.fna","132","D","remove legacy research/application data"
"data/datasets/pools/default-public-pool/files/genome_270.fna","132","D","remove legacy research/application data"
"data/datasets/pools/default-public-pool/files/genome_271.fna","132","D","remove legacy research/application data"
"data/datasets/pools/default-public-pool/files/genome_272.fna","132","D","remove legacy research/application data"
"data/datasets/pools/default-public-pool/files/genome_273.fna","132","D","remove legacy research/application data"
"data/datasets/pools/default-public-pool/files/genome_274.fna","132","D","remove legacy research/application data"
"data/datasets/pools/default-public-pool/files/genome_275.fna","132","D","remove legacy research/application data"
"data/datasets/pools/default-public-pool/files/genome_276.fna","132","D","remove legacy research/application data"
"data/datasets/pools/default-public-pool/files/genome_277.fna","132","D","remove legacy research/application data"
"data/datasets/pools/default-public-pool/files/genome_278.fna","132","D","remove legacy research/application data"
"data/datasets/pools/default-public-pool/files/genome_279.fna","132","D","remove legacy research/application data"
"data/datasets/pools/default-public-pool/files/genome_280.fna","132","D","remove legacy research/application data"
"data/datasets/pools/default-public-pool/files/genome_281.fna","132","D","remove legacy research/application data"
"data/datasets/pools/default-public-pool/files/genome_282.fna","132","D","remove legacy research/application data"
"data/datasets/pools/default-public-pool/files/genome_283.fna","132","D","remove legacy research/application data"
"data/datasets/pools/default-public-pool/files/genome_284.fna","132","D","remove legacy research/application data"
"data/datasets/pools/default-public-pool/files/genome_285.fna","132","D","remove legacy research/application data"
"data/datasets/pools/default-public-pool/files/genome_286.fna","132","D","remove legacy research/application data"
"data/datasets/pools/default-public-pool/files/genome_287.fna","132","D","remove legacy research/application data"
"data/datasets/pools/default-public-pool/files/genome_288.fna","132","D","remove legacy research/application data"
"data/datasets/pools/default-public-pool/files/genome_289.fna","132","D","remove legacy research/application data"
"data/datasets/pools/default-public-pool/files/genome_290.fna","132","D","remove legacy research/application data"
"data/datasets/pools/default-public-pool/files/genome_291.fna","132","D","remove legacy research/application data"
"data/datasets/pools/default-public-pool/files/genome_292.fna","132","D","remove legacy research/application data"
"data/datasets/pools/default-public-pool/files/genome_293.fna","132","D","remove legacy research/application data"
"data/datasets/pools/default-public-pool/files/genome_294.fna","132","D","remove legacy research/application data"
"data/datasets/pools/default-public-pool/files/genome_295.fna","132","D","remove legacy research/application data"
"data/datasets/pools/default-public-pool/pool_manifest.json","104174","D","remove legacy research/application data"
"docs/DATASET_POOLS.md","5672","D","remove stale documentation/setup"
"docs/DEPLOYMENT.md","4153","D","remove stale documentation/setup"
"frontend/README.md","1027","D","remove stale documentation/setup"
"setup_backend.ps1","1001","D","remove stale documentation/setup"
"setup_frontend.ps1","846","D","remove stale documentation/setup"
"test_genome.fna","604","D","remove obsolete artifact"
